time,surface,frame,blob_id,x,y,area,major,minor,angle,vx,vy
1779372486.8313,plane,1,,,,,,,,,
1779372486.9406,plane,2,,,,,,,,,
1779372487.0395,plane,3,0,0.49951,0.49913,1.000000,1.00000,0.56250,0.00,0.00000,0.00000
1779372487.1371,plane,4,0,0.49911,0.40826,0.818261,80.71771,0.45355,89.94,-0.00415,-0.93235
1779372487.1371,plane,4,1,0.53842,0.99283,0.012332,1.75496,0.01133,89.90,0.00000,0.00000
1779372487.2295,plane,5,0,0.49911,0.40681,0.815345,7.65774,0.46041,89.94,-0.00002,-0.01576
1779372487.2295,plane,5,1,0.54419,0.99360,0.010749,1.93859,0.00655,89.89,0.06242,0.00837
1779372487.3480,plane,6,0,0.49871,0.50393,0.006124,0.06728,0.06357,74.38,-0.00336,0.82510
1779372487.4507,plane,7,0,0.49887,0.50352,0.004871,0.06048,0.05616,89.31,0.00157,-0.00402
1779372487.5510,plane,8,0,0.49896,0.50314,0.005012,0.06109,0.05763,87.84,0.00090,-0.00382
1779372487.6448,plane,9,0,0.49889,0.50392,0.005459,0.06313,0.06052,73.30,-0.00077,0.00835
1779372487.7489,plane,10,0,0.49868,0.50378,0.005970,0.06629,0.06286,75.83,-0.00200,-0.00133
1779372487.8535,plane,11,0,0.49869,0.50377,0.005968,0.06636,0.06276,75.73,0.00011,-0.00015
1779372487.9514,plane,12,0,0.49863,0.50372,0.005988,0.06639,0.06291,74.26,-0.00063,-0.00043
1779372488.0436,plane,13,0,0.49874,0.50374,0.006154,0.06736,0.06365,73.56,0.00114,0.00020
1779372488.1552,plane,14,0,0.49875,0.50394,0.006137,0.06734,0.06370,73.99,0.00015,0.00181
1779372488.2525,plane,15,0,0.49869,0.50388,0.006154,0.06733,0.06375,72.91,-0.00069,-0.00071
1779372488.3476,plane,16,0,0.49862,0.50377,0.006278,0.06797,0.06449,74.05,-0.00073,-0.00114
1779372488.4434,plane,17,0,0.49868,0.50374,0.006270,0.06801,0.06438,74.35,0.00063,-0.00026
1779372488.5560,plane,18,0,0.49866,0.50384,0.006263,0.06794,0.06439,74.64,-0.00017,0.00091
1779372488.6523,plane,19,0,0.49868,0.50387,0.006361,0.06850,0.06482,72.70,0.00024,0.00028
1779372488.7479,plane,20,0,0.49868,0.50392,0.006376,0.06840,0.06504,72.71,-0.00002,0.00055
1779372488.8436,plane,21,0,0.49872,0.50381,0.006378,0.06844,0.06507,74.68,0.00045,-0.00120
1779372488.9552,plane,22,0,0.49875,0.50390,0.006458,0.06886,0.06543,73.59,0.00023,0.00085
1779372489.0509,plane,23,0,0.49876,0.50398,0.006458,0.06893,0.06539,74.77,0.00013,0.00081
1779372489.1475,plane,24,0,0.49871,0.50384,0.006463,0.06891,0.06544,73.56,-0.00054,-0.00148
1779372489.2439,plane,25,0,0.49861,0.50373,0.007270,0.07194,0.07062,63.80,-0.00101,-0.00116
1779372489.3560,plane,26,0,0.49863,0.50328,0.007260,0.07214,0.07043,62.08,0.00016,-0.00397
1779372489.4516,plane,27,0,0.49856,0.50387,0.007272,0.07218,0.07047,62.44,-0.00071,0.00618
1779372489.5480,plane,28,0,0.49864,0.50324,0.007545,0.07347,0.07183,56.02,0.00083,-0.00659
1779372489.6407,plane,29,0,0.49865,0.50350,0.007546,0.07336,0.07186,59.98,0.00006,0.00288
1779372489.7551,plane,30,0,0.49867,0.50332,0.007556,0.07349,0.07183,57.11,0.00016,-0.00165
1779372489.8518,plane,31,0,0.49860,0.50341,0.007692,0.07421,0.07270,54.45,-0.00067,0.00100
1779372489.9486,plane,32,0,0.49859,0.50333,0.007684,0.07420,0.07260,55.78,-0.00014,-0.00088
1779372490.0416,plane,33,0,0.49860,0.50339,0.007696,0.07422,0.07269,54.31,0.00016,0.00061
1779372490.1553,plane,34,0,0.49858,0.50328,0.007828,0.07472,0.07336,51.93,-0.00017,-0.00094
1779372490.2518,plane,35,0,0.49858,0.50350,0.007860,0.07483,0.07351,51.74,-0.00007,0.00229
1779372490.3472,plane,36,0,0.49863,0.50315,0.007843,0.07486,0.07337,48.99,0.00052,-0.00364
1779372490.4442,plane,37,0,0.49862,0.50329,0.007958,0.07529,0.07399,44.79,-0.00001,0.00146
1779372490.5546,plane,38,0,0.49865,0.50323,0.007952,0.07521,0.07400,46.19,0.00023,-0.00058
1779372490.6492,plane,39,0,0.49864,0.50335,0.007948,0.07527,0.07390,46.51,-0.00006,0.00127
1779372490.7471,plane,40,0,0.49865,0.50318,0.008075,0.07586,0.07451,47.00,0.00008,-0.00176
1779372490.8379,plane,41,,,,,,,,,
1779372490.9538,plane,42,,,,,,,,,
1779372491.0481,plane,43,,,,,,,,,
1779372491.1478,plane,44,2,0.09207,0.95714,0.017047,0.10590,0.06881,132.20,0.00000,0.00000
1779372491.2437,plane,45,0,0.49951,0.49912,0.988768,1.00000,0.56250,0.00,0.00892,-0.04231
1779372491.3424,plane,46,0,0.49951,0.49913,1.000000,1.00000,0.56250,0.00,0.00006,0.00010
1779372491.4379,plane,47,0,0.49951,0.49913,1.000000,1.00000,0.56250,0.00,0.00000,0.00000
1779372491.5341,plane,48,0,0.49951,0.49913,1.000000,1.00000,0.56250,0.00,0.00000,0.00000
1779372491.6304,plane,49,0,0.49951,0.49913,1.000000,1.00000,0.56250,0.00,0.00000,0.00000
1779372491.7417,plane,50,,,,,,,,,
1779372491.8358,plane,51,,,,,,,,,
1779372491.9318,plane,52,,,,,,,,,
1779372492.0279,plane,53,,,,,,,,,
1779372492.1405,plane,54,,,,,,,,,
1779372492.2366,plane,55,3,0.50066,0.49097,0.007731,0.07489,0.07248,87.50,0.00000,0.00000
1779372492.3322,plane,56,3,0.50066,0.49098,0.007735,0.07489,0.07247,86.94,-0.00000,0.00011
1779372492.4288,plane,57,3,0.50067,0.49099,0.007733,0.07484,0.07250,86.38,0.00011,0.00012
1779372492.5411,plane,58,3,0.50073,0.49089,0.007892,0.07561,0.07329,88.79,0.00051,-0.00094
1779372492.6399,plane,59,3,0.50074,0.49083,0.007890,0.07566,0.07316,87.13,0.00008,-0.00054
1779372492.7319,plane,60,3,0.50072,0.49084,0.007887,0.07563,0.07324,88.78,-0.00019,0.00012
1779372492.8286,plane,61,3,0.50076,0.49089,0.008087,0.07656,0.07395,88.40,0.00042,0.00052
1779372492.9434,plane,62,3,0.50076,0.49090,0.008087,0.07651,0.07396,89.22,0.00001,0.00002
1779372493.0395,plane,63,3,0.50076,0.49084,0.008082,0.07657,0.07392,89.89,-0.00000,-0.00054
1779372493.1350,plane,64,3,0.50060,0.49198,0.008472,0.07748,0.07653,77.28,-0.00166,0.01181
1779372493.1350,plane,64,4,0.28882,0.00231,0.002813,0.55133,0.00595,89.76,0.00000,0.00000
1779372493.2328,plane,65,3,0.50047,0.49230,0.008519,0.07802,0.07641,64.96,-0.00138,0.00329
1779372493.2328,plane,65,4,0.29116,0.00234,0.002870,0.53523,0.00511,89.82,0.02394,0.00031
1779372493.3444,plane,66,3,0.50050,0.49213,0.008487,0.07765,0.07647,60.32,0.00028,-0.00148
1779372493.3444,plane,66,4,0.28776,0.00228,0.002784,0.60715,0.00756,89.68,-0.03053,-0.00052
1779372493.4417,plane,67,3,0.50043,0.49367,0.008940,0.07977,0.07855,14.27,-0.00073,0.01583
1779372493.4417,plane,67,4,0.27819,0.00698,0.005373,0.09060,0.08390,0.00,-0.09844,0.04846
1779372493.5362,plane,68,3,0.50044,0.49364,0.008935,0.07975,0.07854,15.71,0.00017,-0.00026
1779372493.5362,plane,68,4,0.28155,0.00722,0.005449,0.09219,0.09150,44.96,0.03544,0.00249
1779372493.6294,plane,69,3,0.50042,0.49359,0.008933,0.07972,0.07856,18.36,-0.00023,-0.00063
1779372493.6294,plane,69,4,0.28144,0.00672,0.005373,0.10140,0.08834,0.00,-0.00117,-0.00533
1779372493.7421,plane,70,3,0.50026,0.49381,0.009343,0.08181,0.08013,16.00,-0.00143,0.00196
1779372493.7421,plane,70,4,0.40613,0.01154,0.011525,0.58550,0.19860,0.00,1.10636,0.04277
1779372493.8365,plane,71,3,0.50030,0.49387,0.009316,0.08165,0.08005,16.35,0.00043,0.00072
1779372493.8365,plane,71,4,0.40309,0.01094,0.011115,0.69935,0.19285,0.00,-0.03224,-0.00637
1779372493.9334,plane,72,3,0.50030,0.49386,0.009335,0.08177,0.08009,16.45,-0.00004,-0.00018
1779372493.9334,plane,72,4,0.40407,0.01180,0.011447,0.54537,0.19871,0.00,0.01016,0.00884
1779372494.0297,plane,73,3,0.50030,0.49400,0.009679,0.08350,0.08141,11.59,0.00008,0.00148
1779372494.0297,plane,73,4,0.49675,0.02869,0.026340,1.11355,0.16169,88.27,0.96307,0.17554
1779372494.1425,plane,74,3,0.50031,0.49402,0.009683,0.08346,0.08147,10.43,0.00004,0.00023
1779372494.1425,plane,74,4,0.49931,0.02912,0.026835,1.12774,0.16269,88.24,0.02270,0.00378
1779372494.2393,plane,75,3,0.50032,0.49400,0.009674,0.08340,0.08144,12.87,0.00007,-0.00025
1779372494.2393,plane,75,4,0.49894,0.02847,0.026450,1.12238,0.17453,88.73,-0.00385,-0.00674
1779372494.3344,plane,76,3,0.50021,0.49399,0.009939,0.08472,0.08232,8.77,-0.00106,-0.00007
1779372494.3344,plane,76,4,0.51450,0.05998,0.054211,0.97627,0.22605,88.00,0.16333,0.33085
1779372494.4344,plane,77,3,0.50026,0.49398,0.009947,0.08477,0.08245,10.28,0.00045,-0.00011
1779372494.4344,plane,77,4,0.51887,0.06036,0.054555,0.96420,0.19081,88.65,0.04389,0.00373
1779372494.5426,plane,78,3,0.50026,0.49390,0.009956,0.08480,0.08239,8.85,0.00000,-0.00074
1779372494.5426,plane,78,4,0.51311,0.06077,0.055862,0.96785,0.22446,87.95,-0.05309,0.00384
1779372494.6373,plane,79,3,0.50024,0.49382,0.010108,0.08552,0.08303,6.62,-0.00025,-0.00082
1779372494.6373,plane,79,4,0.51585,0.08082,0.087463,0.94524,0.21547,89.02,0.02895,0.21177
1779372494.7347,plane,80,3,0.50022,0.49383,0.010108,0.08555,0.08297,6.02,-0.00017,0.00011
1779372494.7347,plane,80,4,0.51348,0.08042,0.087980,0.96048,0.21018,89.44,-0.02426,-0.00404
1779372494.8311,plane,81,3,0.50022,0.49378,0.010117,0.08566,0.08299,6.73,0.00002,-0.00057
1779372494.8311,plane,81,4,0.51847,0.08214,0.091190,0.94388,0.21683,89.53,0.05175,0.01782
1779372494.9431,plane,82,3,0.50057,0.49548,0.009460,0.08230,0.08061,22.06,0.00309,0.01515
1779372494.9431,plane,82,4,0.50860,0.08803,0.084115,1.06363,0.38447,86.57,-0.08808,0.05256
1779372495.0438,plane,83,3,0.50084,0.49675,0.009277,0.08140,0.07993,26.09,0.00277,0.01273
1779372495.0438,plane,83,4,0.50061,0.11092,0.082999,1.22417,0.61855,87.35,-0.07969,0.22825
1779372495.1359,plane,84,3,0.50109,0.49988,0.009218,0.08117,0.07959,26.06,0.00272,0.03375
1779372495.1359,plane,84,4,0.50168,0.12182,0.086962,1.21484,0.67852,86.65,0.01151,0.11787
1779372495.2349,plane,85,3,0.50106,0.49984,0.009262,0.08133,0.07985,27.79,-0.00034,-0.00032
1779372495.2349,plane,85,4,0.51036,0.12000,0.119595,1.26356,0.63675,86.76,0.08771,-0.01838
1779372495.3447,plane,86,3,0.50114,0.50088,0.009255,0.08138,0.07976,26.12,0.00069,0.00939
1779372495.3447,plane,86,4,0.50675,0.12349,0.121328,1.19635,0.65556,87.78,-0.03290,0.03176
1779372495.4394,plane,87,3,0.50110,0.50104,0.009252,0.08118,0.07985,24.55,-0.00045,0.00170
1779372495.4394,plane,87,4,0.50732,0.12344,0.120533,1.21133,0.68245,86.87,0.00602,-0.00058
1779372495.5330,plane,88,3,0.50112,0.50101,0.009262,0.08128,0.07986,26.91,0.00023,-0.00033
1779372495.5330,plane,88,4,0.50965,0.12310,0.126799,1.25549,0.65075,87.95,0.02488,-0.00360
1779372495.6285,plane,89,,,,,,,,,
1779372495.7433,plane,90,,,,,,,,,
1779372495.8379,plane,91,,,,,,,,,
1779372495.9358,plane,92,,,,,,,,,
1779372496.0300,plane,93,,,,,,,,,
1779372496.1415,plane,94,,,,,,,,,
1779372496.2366,plane,95,,,,,,,,,
1779372496.3349,plane,96,,,,,,,,,
1779372496.4326,plane,97,,,,,,,,,
1779372496.5443,plane,98,,,,,,,,,
1779372496.6388,plane,99,,,,,,,,,
1779372496.7353,plane,100,,,,,,,,,
1779372496.8312,plane,101,,,,,,,,,
1779372496.9412,plane,102,,,,,,,,,
1779372497.0402,plane,103,,,,,,,,,
1779372497.1345,plane,104,,,,,,,,,
1779372497.2319,plane,105,,,,,,,,,
1779372497.3421,plane,106,,,,,,,,,
1779372497.4381,plane,107,,,,,,,,,
1779372497.5344,plane,108,,,,,,,,,
1779372497.6305,plane,109,,,,,,,,,
1779372497.7429,plane,110,,,,,,,,,
1779372497.8371,plane,111,,,,,,,,,
1779372497.9364,plane,112,,,,,,,,,
1779372498.0285,plane,113,,,,,,,,,
1779372498.1413,plane,114,,,,,,,,,
1779372498.2389,plane,115,,,,,,,,,
1779372498.3360,plane,116,,,,,,,,,
1779372498.4322,plane,117,,,,,,,,,
1779372498.5402,plane,118,,,,,,,,,
1779372498.6369,plane,119,,,,,,,,,
1779372498.7359,plane,120,,,,,,,,,
1779372498.8290,plane,121,,,,,,,,,
1779372498.9414,plane,122,,,,,,,,,
1779372499.0373,plane,123,,,,,,,,,
1779372499.1347,plane,124,,,,,,,,,
1779372499.2294,plane,125,,,,,,,,,
1779372499.3445,plane,126,,,,,,,,,
1779372499.4389,plane,127,,,,,,,,,
1779372499.5367,plane,128,,,,,,,,,
1779372499.6314,plane,129,,,,,,,,,
1779372499.7432,plane,130,,,,,,,,,
1779372499.8368,plane,131,,,,,,,,,
1779372499.9353,plane,132,,,,,,,,,
1779372500.0288,plane,133,,,,,,,,,
1779372500.1414,plane,134,,,,,,,,,
1779372500.2354,plane,135,,,,,,,,,
1779372500.3322,plane,136,,,,,,,,,
1779372500.4313,plane,137,,,,,,,,,
1779372500.5409,plane,138,,,,,,,,,
1779372500.6402,plane,139,,,,,,,,,
1779372500.7350,plane,140,,,,,,,,,
1779372500.8299,plane,141,,,,,,,,,
1779372500.9417,plane,142,,,,,,,,,
1779372501.0367,plane,143,,,,,,,,,
1779372501.1316,plane,144,,,,,,,,,
1779372501.2296,plane,145,,,,,,,,,
1779372501.3431,plane,146,,,,,,,,,
1779372501.4379,plane,147,,,,,,,,,
1779372501.5354,plane,148,,,,,,,,,
1779372501.6273,plane,149,,,,,,,,,
1779372501.7419,plane,150,,,,,,,,,
1779372501.8390,plane,151,,,,,,,,,
1779372501.9350,plane,152,,,,,,,,,
1779372502.0281,plane,153,,,,,,,,,
1779372502.1408,plane,154,,,,,,,,,
1779372502.2386,plane,155,,,,,,,,,
1779372502.3356,plane,156,,,,,,,,,
1779372502.4303,plane,157,,,,,,,,,
1779372502.5396,plane,158,,,,,,,,,
1779372502.6385,plane,159,,,,,,,,,
1779372502.7343,plane,160,,,,,,,,,
1779372502.8292,plane,161,,,,,,,,,
1779372502.9416,plane,162,,,,,,,,,
1779372503.0373,plane,163,,,,,,,,,
1779372503.1353,plane,164,,,,,,,,,
1779372503.2282,plane,165,,,,,,,,,
1779372503.3432,plane,166,,,,,,,,,
1779372503.4383,plane,167,,,,,,,,,
1779372503.5350,plane,168,,,,,,,,,
1779372503.6320,plane,169,,,,,,,,,
1779372503.7419,plane,170,,,,,,,,,
1779372503.8350,plane,171,,,,,,,,,
1779372503.9358,plane,172,,,,,,,,,
1779372504.0275,plane,173,,,,,,,,,
1779372504.1419,plane,174,,,,,,,,,
1779372504.2381,plane,175,,,,,,,,,
1779372504.3328,plane,176,,,,,,,,,
1779372504.4303,plane,177,,,,,,,,,
1779372504.5415,plane,178,,,,,,,,,
1779372504.6381,plane,179,,,,,,,,,
1779372504.7349,plane,180,,,,,,,,,
1779372504.8273,plane,181,,,,,,,,,
1779372504.9432,plane,182,,,,,,,,,
1779372505.0353,plane,183,,,,,,,,,
1779372505.1337,plane,184,,,,,,,,,
1779372505.2302,plane,185,,,,,,,,,
1779372505.3414,plane,186,,,,,,,,,
1779372505.4376,plane,187,,,,,,,,,
1779372505.5337,plane,188,,,,,,,,,
1779372505.6294,plane,189,,,,,,,,,
1779372505.7436,plane,190,,,,,,,,,
1779372505.8372,plane,191,,,,,,,,,
